{"assets/images/20210202-logo-RMUTT-News.png":["assets/images/20210202-logo-RMUTT-News.png"],"assets/images/6rvsnz.jpg":["assets/images/6rvsnz.jpg"],"assets/images/background.png":["assets/images/background.png"],"assets/images/rmutt.jpg":["assets/images/rmutt.jpg"],"assets/images/tap1.jpg":["assets/images/tap1.jpg"],"assets/images/tap3.1.jpg":["assets/images/tap3.1.jpg"],"assets/images/tap3.2.jpg":["assets/images/tap3.2.jpg"],"assets/images/tap3.3.jpg":["assets/images/tap3.3.jpg"],"assets/images/tap4.jpg":["assets/images/tap4.jpg"],"assets/images/tap5.jpg":["assets/images/tap5.jpg"],"packages/cupertino_icons/assets/CupertinoIcons.ttf":["packages/cupertino_icons/assets/CupertinoIcons.ttf"]}